Workbook

Sheet INDEX
A3: done | B3: Q1. Calculate the Cost Per Unit for each product using an appropriate formula. Identify where errors like #DIV/0! might occur.
A4: done | B4: Q2. Use the ISERROR() function to check for errors in the Cost Per Unit column. Return TRUE if an error exists and FALSE otherwise.
A5: done | B5: Q3. Apply the IFERROR() function to display a custom message like "Invalid Calculation" wherever an error is found in the Cost Per Unit calculation.
A6: done | B6: Q4. How ISNA() IS Used to Display wheater the Product Name is Empty.
A7: done | B7: Q5. Use conditional formatting to highlight all cells in the Cost Per Unit column that have errors.
B8: Q6. Introduce a formula that could cause a #REF! error and explain how it happens. Use IFERROR() to handle it gracefully.
A9: done | B9: Q7. Write a formula that divides Cost by Quantity, but for missing or zero quantity, it should return "Check Quantity" instead of showing an Excel error.
B10: Q8. Demonstrate how to combine IF(), ISERROR(), and VLOOKUP() to search for a product’s cost, and handle the case when the product is not found in the lookup table.
B11: Q9. Use ERROR.TYPE() function on an error cell and explain the numeric output it provides for different types of errors.
B12: Q10. Create a summary count of all rows where errors occurred in the Cost Per Unit column using the COUNTIF() and ISERROR() combination.

Sheet Error function
B2: Product | C2: Total Cost ($) | D2: Quantity | E2: Cost Per Unit | F2: ISERROR | G2: IFERROR | H2: ISNA | I2: Q7 | J2: Q6 | K2: Q8 | L2: Q9 | M2: Q10
B3: Notebook | C3: 250 | D3: 50 | E3: =C3/D3 -> 5 | F3: =ISERROR(E3) -> FALSE | G3: =IFERROR(C3/D3,"Invalid Calculation") -> 5 | H3: =IF(ISNA(A3),"Product Name Missing","Valid") -> Valid | I3: =IF(OR(D3=0,D3=""),"Check Quantity",C3/D3) -> 5 | J3: =IFERROR(C3/D3,"invalid") -> 5 | K3: =IF(ISERROR(VLOOKUP('Error function'!B3,'Error function'!B3:C13,2,FALSE)),"Product Not Found",VLOOKUP('Error function'!B3,'Error function'!B3:C13,2,FALSE)) -> 250 | L3: =IF(ISERROR(E3),ERROR.TYPE('Error function'!E3),"No Error") -> No Error | M3: {=SUMPRODUCT(--ISERROR(E3:E13))} -> 5
B4: Whiteboard | C4: 100 | D4: 0 | E4: =C4/D4 -> #DIV/0! | F4: =ISERROR(E4) -> TRUE | G4: =IFERROR(C4/D4,"Invalid Calculation") -> Invalid Calculation | H4: =IF(ISNA(A4),"Product Name Missing","Valid") -> Valid | I4: =IF(OR(D4=0,D4=""),"Check Quantity",C4/D4) -> Check Quantity | J4: =IFERROR(C4/D4,"invalid") -> invalid | K4: =IF(ISERROR(VLOOKUP('Error function'!B4,'Error function'!B4:C14,2,FALSE)),"Product Not Found",VLOOKUP('Error function'!B4,'Error function'!B4:C14,2,FALSE)) -> 100 | L4: =IF(ISERROR(E4),ERROR.TYPE('Error function'!E4),"No Error") -> 2
B5: Bookshelf | C5: 300 | D5: 5 | E5: =C5/D5 -> 60 | F5: =ISERROR(E5) -> FALSE | G5: =IFERROR(C5/D5,"Invalid Calculation") -> 60 | H5: =IF(ISNA(A5),"Product Name Missing","Valid") -> Valid | I5: =IF(OR(D5=0,D5=""),"Check Quantity",C5/D5) -> 60 | J5: =IFERROR(C5/D5,"invalid") -> 60 | K5: =IF(ISERROR(VLOOKUP('Error function'!B5,'Error function'!B5:C15,2,FALSE)),"Product Not Found",VLOOKUP('Error function'!B5,'Error function'!B5:C15,2,FALSE)) -> 300 | L5: =IF(ISERROR(E5),ERROR.TYPE('Error function'!E5),"No Error") -> No Error
B6: Table | C6: 420 | D6: 3 | E6: =C6/D6 -> 140 | F6: =ISERROR(E6) -> FALSE | G6: =IFERROR(C6/D6,"Invalid Calculation") -> 140 | H6: =IF(ISNA(A6),"Product Name Missing","Valid") -> Valid | I6: =IF(OR(D6=0,D6=""),"Check Quantity",C6/D6) -> 140 | J6: =IFERROR(C6/D6,"invalid") -> 140 | K6: =IF(ISERROR(VLOOKUP('Error function'!B6,'Error function'!B6:C16,2,FALSE)),"Product Not Found",VLOOKUP('Error function'!B6,'Error function'!B6:C16,2,FALSE)) -> 420 | L6: =IF(ISERROR(E6),ERROR.TYPE('Error function'!E6),"No Error") -> No Error
B7: Chair | C7: 200 | E7: =C7/D7 -> #DIV/0! | F7: =ISERROR(E7) -> TRUE | G7: =IFERROR(C7/D7,"Invalid Calculation") -> Invalid Calculation | H7: =IF(ISNA(A7),"Product Name Missing","Valid") -> Valid | I7: =IF(OR(D7=0,D7=""),"Check Quantity",C7/D7) -> Check Quantity | J7: =IFERROR(C7/D7,"invalid") -> invalid | K7: =IF(ISERROR(VLOOKUP('Error function'!B7,'Error function'!B7:C17,2,FALSE)),"Product Not Found",VLOOKUP('Error function'!B7,'Error function'!B7:C17,2,FALSE)) -> 200 | L7: =IF(ISERROR(E7),ERROR.TYPE('Error function'!E7),"No Error") -> 2
B8: Marker Set | C8: #N/A | D8: 10 | E8: =C8/D8 -> #N/A | F8: =ISERROR(E8) -> TRUE | G8: =IFERROR(C8/D8,"Invalid Calculation") -> Invalid Calculation | H8: =IF(ISNA(A8),"Product Name Missing","Valid") -> Valid | I8: =IF(OR(D8=0,D8=""),"Check Quantity",C8/D8) -> #N/A | J8: =IFERROR(C8/D8,"invalid") -> invalid | K8: =IF(ISERROR(VLOOKUP('Error function'!B8,'Error function'!B8:C18,2,FALSE)),"Product Not Found",VLOOKUP('Error function'!B8,'Error function'!B8:C18,2,FALSE)) -> Product Not Found | L8: =IF(ISERROR(E8),ERROR.TYPE('Error function'!E8),"No Error") -> 7
B9: Laptop Stand | C9: 800 | D9: 4 | E9: =C9/D9 -> 200 | F9: =ISERROR(E9) -> FALSE | G9: =IFERROR(C9/D9,"Invalid Calculation") -> 200 | H9: =IF(ISNA(A9),"Product Name Missing","Valid") -> Valid | I9: =IF(OR(D9=0,D9=""),"Check Quantity",C9/D9) -> 200 | J9: =IFERROR(C9/D9,"invalid") -> 200 | K9: =IF(ISERROR(VLOOKUP('Error function'!B9,'Error function'!B9:C19,2,FALSE)),"Product Not Found",VLOOKUP('Error function'!B9,'Error function'!B9:C19,2,FALSE)) -> 800 | L9: =IF(ISERROR(E9),ERROR.TYPE('Error function'!E9),"No Error") -> No Error
B10: Monitor | C10: 1200 | D10: 2 | E10: =C10/D10 -> 600 | F10: =ISERROR(E10) -> FALSE | G10: =IFERROR(C10/D10,"Invalid Calculation") -> 600 | H10: =IF(ISNA(A10),"Product Name Missing","Valid") -> Valid | I10: =IF(OR(D10=0,D10=""),"Check Quantity",C10/D10) -> 600 | J10: =IFERROR(C10/D10,"invalid") -> 600 | K10: =IF(ISERROR(VLOOKUP('Error function'!B10,'Error function'!B10:C20,2,FALSE)),"Product Not Found",VLOOKUP('Error function'!B10,'Error function'!B10:C20,2,FALSE)) -> 1200 | L10: =IF(ISERROR(E10),ERROR.TYPE('Error function'!E10),"No Error") -> No Error
B11: Desk Lamp | C11: 150 | D11: 1 | E11: =C11/D11 -> 150 | F11: =ISERROR(E11) -> FALSE | G11: =IFERROR(C11/D11,"Invalid Calculation") -> 150 | H11: =IF(ISNA(A11),"Product Name Missing","Valid") -> Valid | I11: =IF(OR(D11=0,D11=""),"Check Quantity",C11/D11) -> 150 | J11: =IFERROR(C11/D11,"invalid") -> 150 | K11: =IF(ISERROR(VLOOKUP('Error function'!B11,'Error function'!B11:C21,2,FALSE)),"Product Not Found",VLOOKUP('Error function'!B11,'Error function'!B11:C21,2,FALSE)) -> 150 | L11: =IF(ISERROR(E11),ERROR.TYPE('Error function'!E11),"No Error") -> No Error
B12: Filing Cabinet | C12: 450 | D12: REF! | E12: =C12/D12 -> #VALUE! | F12: =ISERROR(E12) -> TRUE | G12: =IFERROR(C12/D12,"Invalid Calculation") -> Invalid Calculation | H12: =IF(ISNA(A12),"Product Name Missing","Valid") -> Valid | I12: =IF(OR(D12=0,D12=""),"Check Quantity",C12/D12) -> #VALUE! | J12: =IFERROR(C12/D12,"invalid") -> invalid | K12: =IF(ISERROR(VLOOKUP('Error function'!B12,'Error function'!B12:C22,2,FALSE)),"Product Not Found",VLOOKUP('Error function'!B12,'Error function'!B12:C22,2,FALSE)) -> 450 | L12: =IF(ISERROR(E12),ERROR.TYPE('Error function'!E12),"No Error") -> 3
B13: #N/A | C13: 0 | D13: 0 | E13: =C13/D13 -> #DIV/0! | F13: =ISERROR(E13) -> TRUE | G13: =IFERROR(C13/D13,"Invalid Calculation") -> Invalid Calculation | H13: =IF(ISNA(#N/A),"Name Missing","Valid") -> Name Missing | I13: =IF(OR(D13=0,D13=""),"Check Quantity",C13/D13) -> Check Quantity | J13: =IFERROR(C13/D13,"invalid") -> invalid | K13: =IF(ISERROR(VLOOKUP('Error function'!B13,'Error function'!B13:C23,2,FALSE)),"Product Not Found",VLOOKUP('Error function'!B13,'Error function'!B13:C23,2,FALSE)) -> Product Not Found | L13: =IF(ISERROR(E13),ERROR.TYPE('Error function'!E13),"No Error") -> 2
